{
    "mp-1215466": {
        "formula": "ZnHgSe2",
        "spacegroup": "R3m",
        "formation_energy": -0.42700000000000005,
        "E_above_hull": 0.034,
        "band_gap": 0.032,
        "has_bandstructure": true,
        "volume": 109.17299999999999,
        "Nsites": 4,
        "theoretical": true,
        "count": 1,
        "density": 6.4479999999999995,
        "crystal_system": "trigonal"
    }
}